{"manifestVersion":"1.1","info":{"id":"VS.BasicLang.95a8f3e1-1234-4567-8901-abcdef123456,version=1.0.0","manifestType":"Extension"},"packages":[{"id":"Component.VS.BasicLang.95a8f3e1-1234-4567-8901-abcdef123456","version":"1.0.0","type":"Component","extension":true,"dependencies":{"VS.BasicLang.95a8f3e1-1234-4567-8901-abcdef123456":"1.0.0","Microsoft.VisualStudio.Component.CoreEditor":"[17.0,18.0)"},"localizedResources":[{"language":"en-US","title":"BasicLang Language Support","description":"Language support for BasicLang - a modern BASIC-inspired programming language designed for game development. Provides syntax highlighting, IntelliSense, code navigation, debugging, and more."}]},{"id":"VS.BasicLang.95a8f3e1-1234-4567-8901-abcdef123456","version":"1.0.0","type":"Vsix","payloads":[{"fileName":"VS.BasicLang.vsix","size":351385}],"vsixId":"VS.BasicLang.95a8f3e1-1234-4567-8901-abcdef123456","extensionDir":"[installdir]\\Common7\\IDE\\Extensions\\gwvqdxul.o53","installSizes":{"targetDrive":915879}}]}