﻿{"manifestVersion":"1.1","info":{"id":"VS.BasicLang.95a8f3e1-1234-4567-8901-abcdef123456,version=1.3.0","manifestType":"Extension"},"packages":[{"id":"Component.VS.BasicLang.95a8f3e1-1234-4567-8901-abcdef123456","version":"1.3.0","type":"Component","extension":true,"dependencies":{"VS.BasicLang.95a8f3e1-1234-4567-8901-abcdef123456":"1.3.0","Microsoft.VisualStudio.Component.CoreEditor":"[17.0,19.0)"},"localizedResources":[{"language":"en-US","title":"BasicLang Language Support","description":"Language support for BasicLang."}]},{"id":"VS.BasicLang.95a8f3e1-1234-4567-8901-abcdef123456","version":"1.3.0","type":"Vsix","payloads":[{"fileName":"VS.BasicLang.vsix","size":0}],"vsixId":"VS.BasicLang.95a8f3e1-1234-4567-8901-abcdef123456","extensionDir":"[installdir]\\Common7\\IDE\\Extensions\\basiclang","installSizes":{"targetDrive":50000}}]}